RVI,Plant_Ht
0.74346,72
0.406724,58
0.439044,60
0.533519,62
0.364031,58
0.505535,63
